
<beans
     xsi:schemaLocation="http://www.springframework.org/schema/mvc http://www.springframework.org/schema/mvc/spring-mvc.xsd http://www.springframework.org/schema/beans http://www.springframework.org/schema/beans/spring-beans.xsd http://www.springframework.org/schema/tx http://www.springframework.org/schema/tx/spring-tx-4.1.xsd http://www.springframework.org/schema/context http://www.springframework.org/schema/context/spring-context.xsd"
     xmlns:tx="http://www.springframework.org/schema/tx" xmlns:mvc="http://www.springframework.org/schema/mvc"
     xmlns:context="http://www.springframework.org/schema/context"
     xmlns:xsi="http://www.w3.org/2001/XMLSchema-instance" xmlns="http://www.springframework.org/schema/beans">

     <context:annotation-config />
     <context:component-scan base-package="com.getroom" />

     <bean id="dataSource"
           class="org.springframework.jdbc.datasource.DriverManagerDataSource">
           <property name="driverClassName" value="oracle.jdbc.driver.OracleDriver" />
           <property name="url"
                value="jdbc:oracle:thin:@10.232.71.29:1521:INATP02" />
           <property name="username" value="shobana" />
           <property name="password" value="shobana" />
     </bean>

<bean id="metaData" class="com.getroom.MetaData" />
	 
	 <bean id="error" class="com.getroom.ErrorDetails" />	
	 
	  <bean id="data" class="com.getroom.Data" />
	
	 <bean id="response" class="com.getroom.Response" />
     <mvc:annotation-driven />
     <mvc:default-servlet-handler />
     <bean id="RoomJDBC" 

      class="com.getroom.RoomJDBC">

      <property name="dataSource"  ref="dataSource" />    

   </bean>

     
</beans>
