
<beans
     xsi:schemaLocation="http://www.springframework.org/schema/mvc http://www.springframework.org/schema/mvc/spring-mvc.xsd http://www.springframework.org/schema/beans http://www.springframework.org/schema/beans/spring-beans.xsd http://www.springframework.org/schema/tx http://www.springframework.org/schema/tx/spring-tx-4.1.xsd http://www.springframework.org/schema/context http://www.springframework.org/schema/context/spring-context.xsd"
     xmlns:tx="http://www.springframework.org/schema/tx" xmlns:mvc="http://www.springframework.org/schema/mvc"
     xmlns:context="http://www.springframework.org/schema/context"
     xmlns:xsi="http://www.w3.org/2001/XMLSchema-instance" xmlns="http://www.springframework.org/schema/beans">

     <context:annotation-config />
     <context:component-scan base-package="com.bny" />

    <bean id="dataSource" class="org.springframework.jdbc.datasource.DriverManagerDataSource">


           <property name="driverClassName" value="org.apache.derby.jdbc.ClientDriver" />

                <property name="url" value="jdbc:derby://172.24.21.45:1527/Stationary" />

                <property name="username" value="user" />

                <property name="password" value="pwd" />

        </bean>


<bean id="metaData" class="com.bny.response.MetaData" />
	 
	 <bean id="error" class="com.bny.response.ErrorDetails" />	
	 
	  <bean id="data" class="com.bny.response.Data" />
	
	 <bean id="response" class="com.bny.response.Response" />
     <mvc:annotation-driven />
     <mvc:default-servlet-handler />
     

     <mvc:annotation-driven />
     <mvc:default-servlet-handler />
     <bean id="UserJdbc"

      class="com.bny.jdbc.UserJdbc">

      <property name="dataSource"  ref="dataSource" />    

   </bean>
    <bean id="loginJdbc" 
      class="com.bny.jdbc.LoginJdbc">
      <property name="dataSource"  ref="dataSource" />    
   </bean>

     
</beans>
